{"recall":0.7804878048780488,"_timestamp":1.7559424878135428e+09,"_wandb":{"runtime":5},"_runtime":5,"_step":0}