{"_wandb":{"runtime":4},"_runtime":4,"recall":0.7435897435897436,"_timestamp":1.7559406177026181e+09,"_step":0}