{"_wandb":{"runtime":6},"_runtime":6,"_timestamp":1.7559412475136018e+09,"_step":0,"recall":0.7435897435897436}