{"_wandb":{"runtime":7},"_runtime":7,"_step":0,"recall":0.7804878048780488,"_timestamp":1.7559427630480473e+09}