{"recall":0.7435897435897436,"_timestamp":1.755940923432974e+09,"_step":0,"_wandb":{"runtime":5},"_runtime":5}